No,1,2,3,4,5,6,7,8,9,10
测试参数
测试时间,20:01:46,20:08:07,20:09:19,20:10:50,20:11:32,20:36:17,20:36:43,20:37:06,20:37:24,20:37:48
照度E(lx),300.06,87.18,175.04,117.34,36.88,1713.39,2566.03,1531.00,1219.04,1288.58
烛光E(fc),27.88,8.10,16.26,10.90,3.43,159.18,238.39,142.23,113.25,119.71
相关色温(K),7184,7153,7169,7154,7182,7826,8209,7777,7650,7660
黑体偏离Duv,0.14343,0.14313,0.14399,0.14428,0.14228,0.15853,0.16117,0.15792,0.15636,0.15706
坐标x,0.2154,0.2152,0.2145,0.2137,0.2155,0.1691,0.1559,0.1721,0.1786,0.1763
坐标y,0.7133,0.7106,0.7155,0.7161,0.7051,0.7320,0.7230,0.7338,0.7356,0.7362
坐标u,0.0774,0.0776,0.0769,0.0766,0.0781,0.0591,0.0549,0.0601,0.0623,0.0614
坐标v,0.3846,0.3842,0.3848,0.3848,0.3835,0.3837,0.3817,0.3841,0.3848,0.3847
坐标u',0.0774,0.0776,0.0769,0.0766,0.0781,0.0591,0.0549,0.0601,0.0623,0.0614
坐标v',0.5769,0.5763,0.5772,0.5772,0.5753,0.5756,0.5726,0.5762,0.5772,0.5771
色容差,100.00,100.00,100.00,100.00,100.00,100.00,100.00,100.00,100.00,100.00
显色指数Ra,-13.7,-10.0,-13.9,-13.9,-7.4,-26.8,-25.1,-27.3,-27.8,-28.1
R1,-34.1,-33.5,-34.4,-34.4,-32.5,-36.4,-35.6,-36.5,-36.5,-37.0
R2,0.7,3.3,0.2,0.2,5.8,-11.0,-9.5,-11.6,-12.2,-12.3
R3,0.9,8.4,0.6,0.6,14.1,-26.3,-24.2,-27.4,-28.3,-28.6
R4,-53.1,-47.7,-53.0,-52.9,-44.5,-69.6,-67.6,-70.2,-70.8,-71.2
R5,-10.7,-10.4,-11.1,-11.1,-9.7,-11.6,-10.5,-11.7,-12.0,-12.2
R6,-4.9,-3.3,-5.6,-5.8,-1.2,-16.3,-15.3,-16.7,-17.0,-17.4
R7,16.7,24.0,16.9,16.9,28.3,-8.7,-6.7,-9.5,-10.2,-10.5
R8,-24.9,-21.3,-24.7,-24.7,-19.6,-34.2,-31.7,-34.8,-35.7,-35.9
R9,-100.0,-100.0,-100.0,-100.0,-100.0,-100.0,-100.0,-100.0,-100.0,-100.0
R10,-87.2,-82.6,-88.6,-88.8,-77.6,-100.0,-100.0,-100.0,-100.0,-100.0
R11,-84.6,-79.0,-84.7,-84.5,-75.0,-99.3,-95.8,-100.0,-100.0,-100.0
R12,-24.9,-24.0,-25.8,-26.0,-22.1,-32.7,-29.6,-33.6,-34.9,-35.3
R13,-36.0,-35.2,-36.6,-36.6,-33.7,-42.4,-42.0,-42.6,-42.5,-42.9
R14,49.9,53.4,49.6,49.5,56.3,36.9,38.2,36.3,35.7,35.5
R15,-33.6,-32.4,-33.5,-33.4,-31.9,-34.6,-33.2,-34.9,-35.3,-35.6
辐照度Ee(mW/cm2),0.056,0.016,0.032,0.022,0.007,0.346,0.543,0.305,0.238,0.253
明暗视觉比S/P,2.265,2.260,2.258,2.263,2.275,2.772,2.980,2.725,2.637,2.661
主波长(nm),535.20,535.00,535.20,535.10,534.70,527.40,524.20,528.10,529.50,529.10
色纯度(%),84.9,84.2,85.5,85.5,82.6,82.4,78.7,83.3,84.7,84.5
半宽度(nm),33.7,31.6,32.1,31.8,31.2,32.3,32.9,32.0,31.8,31.8
峰值波长(nm),529.7,530.6,530.4,530.4,530.6,521.7,518.5,521.7,523.5,522.6
中心波长(nm),530.4,530.7,530.5,530.4,530.5,522.7,520.3,523.2,524.2,524.0
质心波长(nm),531.0,531.6,531.4,531.6,531.3,525.6,523.0,526.1,527.3,527.0
红色比(%),0.4,0.6,0.4,0.5,0.6,0.2,0.1,0.2,0.2,0.1
绿色比(%),98.5,98.4,98.6,98.5,98.2,97.8,97.0,98.0,98.3,98.3
蓝色比(%),1.1,1.0,1.0,1.0,1.2,2.0,2.9,1.8,1.5,1.6
CIE1931 X,132.679,38.647,76.824,51.275,16.499,579.475,809.877,525.748,433.292,451.723
CIE1931 Y,439.333,127.645,256.283,171.802,53.995,2508.624,3756.995,2241.578,1784.839,1886.640
CIE1931 Z,43.928,13.328,25.065,16.827,6.086,339.159,629.205,287.295,208.153,224.203
TLCI-2012,4,5,4,5,5,3,2,2,2,2
积分时间(ms),200,200,200,200,200,20,20,20,20,20
峰值信号,37222,13092,23412,16724,7007,24472,36292,22109,17897,18902
暗信号,2587,2555,2538,2556,2532,2139,2154,2130,2148,2140
补偿电平,2966,2966,2966,2966,2966,2966,2966,2966,2966,2966
测试日期,2026-04-02,2026-04-02,2026-04-02,2026-04-02,2026-04-02,2026-04-02,2026-04-02,2026-04-02,2026-04-02,2026-04-02
仪器状态
仪器型号,OHSP-350,OHSP-350,OHSP-350,OHSP-350,OHSP-350,OHSP-350,OHSP-350,OHSP-350,OHSP-350,OHSP-350
仪器编号,352207692,352207692,352207692,352207692,352207692,352207692,352207692,352207692,352207692,352207692
起始波长(nm),380,380,380,380,380,380,380,380,380,380
终止波长(nm),780,780,780,780,780,780,780,780,780,780
产品标识
产品型号,,,,,,,,,,
制造厂商,,,,,,,,,,
环境温度(℃),,,,,,,,,,
环境湿度(%),,,,,,,,,,
测试员,,,,,,,,,,
电参数
电压(V),0.00,0.00,0.00,0.00,0.00,0.00,0.00,0.00,0.00,0.00
电流(A),0.00,0.00,0.00,0.00,0.00,0.00,0.00,0.00,0.00,0.00
功率(W),0.000,0.000,0.000,0.000,0.000,0.000,0.000,0.000,0.000,0.000
功率因数,0.000,0.000,0.000,0.000,0.000,0.000,0.000,0.000,0.000,0.000
Spectrum Data(mW/m2/nm)
380nm,0.000000,0.000000,0.000000,0.000000,0.000000,0.000000,0.000000,0.000000,0.000000,0.000000
381nm,0.000000,0.000000,0.000000,0.000000,0.000000,0.000000,0.000000,0.000000,0.000000,0.000000
382nm,0.000000,0.002584,0.000000,0.000000,0.003420,0.000000,0.000000,0.000000,0.000000,0.000000
383nm,0.000000,0.004165,0.000000,0.000000,0.004609,0.000000,0.000000,0.000000,0.000000,0.000000
384nm,0.000000,0.004218,0.000000,0.000000,0.004555,0.000000,0.000000,0.000000,0.000000,0.000000
385nm,0.000000,0.003021,0.000000,0.000000,0.002907,0.000000,0.000000,0.000000,0.000000,0.000000
386nm,0.000000,0.000258,0.000000,0.000000,0.000148,0.000000,0.000000,0.000000,0.000000,0.000000
387nm,0.000000,0.000000,0.000000,0.000000,0.003034,0.000000,0.000000,0.000000,0.000000,0.000000
388nm,0.000000,0.000000,0.000000,0.000000,0.003641,0.000000,0.000000,0.000000,0.000000,0.000000
389nm,0.000000,0.000000,0.000000,0.000000,0.003533,0.000000,0.000000,0.000000,0.000000,0.000000
390nm,0.000000,0.001473,0.000000,0.000000,0.002760,0.000000,0.000000,0.000000,0.000000,0.000000
391nm,0.000000,0.001659,0.000000,0.000000,0.001634,0.000000,0.000000,0.000000,0.000000,0.000000
392nm,0.000000,0.005007,0.000000,0.001296,0.002402,0.000000,0.000000,0.000000,0.000000,0.000000
393nm,0.000000,0.005361,0.000000,0.001731,0.001593,0.000000,0.000000,0.000000,0.000000,0.000000
394nm,0.000000,0.004948,0.000000,0.001746,0.001246,0.000000,0.000000,0.000000,0.000000,0.000000
395nm,0.000223,0.004044,0.000597,0.001426,0.001545,0.000000,0.000000,0.000000,0.000000,0.000000
396nm,0.000856,0.005389,0.002643,0.002203,0.007024,0.000000,0.000000,0.000000,0.000000,0.000000
397nm,0.000818,0.005201,0.002524,0.002874,0.008380,0.000000,0.000000,0.000000,0.000000,0.000000
398nm,0.000797,0.005063,0.002458,0.002798,0.008159,0.000000,0.000000,0.000000,0.000000,0.000000
399nm,0.000000,0.000390,0.000082,0.001245,0.003216,0.000000,0.000000,0.000000,0.000000,0.000000
400nm,0.000000,0.000010,0.000000,0.000000,0.000061,0.000000,0.000000,0.000000,0.000000,0.000000
401nm,0.000000,0.000024,0.000000,0.000000,0.000270,0.000000,0.000000,0.000000,0.000000,0.000000
402nm,0.000000,0.000024,0.000000,0.000000,0.000826,0.000000,0.000000,0.000000,0.000000,0.000000
403nm,0.000795,0.000403,0.000136,0.000000,0.000819,0.000000,0.000000,0.000000,0.000000,0.000000
404nm,0.053958,0.019827,0.023631,0.012061,0.006731,0.000000,0.000000,0.000000,0.000000,0.000000
405nm,0.321328,0.087562,0.145140,0.084034,0.039679,0.000000,0.000000,0.000000,0.000000,0.000000
406nm,0.966849,0.241568,0.445795,0.258507,0.122211,0.000000,0.000000,0.000000,0.000000,0.000000
407nm,1.628284,0.400072,0.769743,0.446410,0.213239,0.000000,0.000000,0.000000,0.000000,0.000000
408nm,1.837862,0.443132,0.879388,0.507236,0.238595,0.000000,0.000000,0.000000,0.000000,0.000000
409nm,1.399825,0.347332,0.690257,0.402396,0.190734,0.000000,0.000000,0.000000,0.000000,0.000000
410nm,0.688397,0.182841,0.351246,0.209165,0.104448,0.000000,0.000000,0.000000,0.000000,0.000000
411nm,0.196058,0.065362,0.110325,0.073877,0.042686,0.000000,0.000000,0.000000,0.000000,0.000000
412nm,0.033804,0.021724,0.023465,0.019668,0.018859,0.000000,0.000000,0.000000,0.000000,0.000000
413nm,0.001626,0.002789,0.000788,0.001514,0.003211,0.000000,0.000000,0.000000,0.000000,0.000000
414nm,0.000000,0.000603,0.000000,0.000000,0.000000,0.000000,0.000000,0.000000,0.000000,0.000000
415nm,0.000000,0.000592,0.000000,0.000000,0.000218,0.000000,0.000000,0.000000,0.000000,0.000000
416nm,0.000000,0.000234,0.000000,0.000000,0.000431,0.000000,0.000000,0.000000,0.000000,0.000000
417nm,0.000000,0.000000,0.000000,0.000000,0.000426,0.000000,0.000000,0.000000,0.000000,0.000000
418nm,0.000000,0.000000,0.000000,0.000000,0.000336,0.000000,0.000000,0.000000,0.000000,0.000000
419nm,0.000000,0.000218,0.000000,0.000000,0.000629,0.000000,0.000000,0.000000,0.000000,0.000000
420nm,0.000000,0.000659,0.000000,0.000000,0.001701,0.000000,0.000000,0.000000,0.000000,0.000000
421nm,0.000000,0.000675,0.000000,0.000000,0.001674,0.000000,0.000000,0.000000,0.000000,0.000000
422nm,0.000140,0.001581,0.000000,0.000421,0.002449,0.000000,0.000000,0.000000,0.000000,0.000000
423nm,0.000138,0.000972,0.000000,0.000416,0.001138,0.000000,0.000000,0.000000,0.000000,0.000000
424nm,0.000138,0.000970,0.000000,0.000416,0.001200,0.000000,0.000000,0.000000,0.000000,0.000000
425nm,0.000035,0.000217,0.000000,0.000104,0.000495,0.000000,0.000000,0.000000,0.000000,0.000000
426nm,0.000000,0.000775,0.000000,0.000000,0.000155,0.000000,0.000000,0.000000,0.000000,0.000000
427nm,0.000000,0.000830,0.000000,0.000000,0.000000,0.000000,0.000000,0.000000,0.000000,0.000000
428nm,0.000000,0.000822,0.000000,0.000000,0.000000,0.000000,0.000000,0.000000,0.000000,0.000000
429nm,0.000000,0.000281,0.000000,0.000000,0.000000,0.000000,0.000000,0.000000,0.000000,0.000000
430nm,0.000000,0.000084,0.000000,0.000000,0.000000,0.000000,0.000000,0.000000,0.000000,0.000000
431nm,0.000038,0.000243,0.000000,0.000000,0.000000,0.000000,0.000000,0.000000,0.000000,0.000000
432nm,0.002263,0.001167,0.000359,0.000318,0.000067,0.000000,0.000000,0.000000,0.000000,0.000000
433nm,0.009380,0.003341,0.000915,0.001021,0.000165,0.000000,0.000000,0.000000,0.000000,0.000000
434nm,0.013256,0.003687,0.001083,0.001042,0.000163,0.000000,0.000000,0.000000,0.000000,0.000000
435nm,0.022122,0.005423,0.005245,0.003390,0.000358,0.000000,0.000000,0.000000,0.000000,0.000000
436nm,0.031279,0.010156,0.015794,0.007887,0.002969,0.000000,0.000000,0.000000,0.000000,0.000000
437nm,0.035155,0.012274,0.022984,0.009458,0.003430,0.000000,0.000000,0.000000,0.000000,0.000000
438nm,0.047843,0.023197,0.036614,0.018386,0.007811,0.000000,0.000000,0.000000,0.000000,0.000000
439nm,0.057412,0.030260,0.044363,0.029151,0.015586,0.000000,0.000000,0.000000,0.000000,0.000000
440nm,0.071691,0.039340,0.052033,0.041591,0.021763,0.000000,0.000000,0.000000,0.000000,0.000000
441nm,0.077591,0.042350,0.049606,0.042877,0.022626,0.000000,0.000000,0.000000,0.000000,0.000000
442nm,0.077368,0.039927,0.044723,0.035469,0.016437,0.000000,0.000000,0.000000,0.000000,0.000000
443nm,0.074553,0.040418,0.041229,0.027111,0.011088,0.000000,0.000000,0.000000,0.000000,0.000000
444nm,0.074882,0.040807,0.046878,0.027240,0.011590,0.000000,0.000000,0.000000,0.000000,0.000000
445nm,0.074964,0.035285,0.047043,0.028177,0.012168,0.000000,0.000000,0.000000,0.000000,0.000000
446nm,0.075714,0.031245,0.049018,0.030906,0.013315,0.000000,0.000000,0.000000,0.000000,0.000000
447nm,0.085723,0.032671,0.055446,0.037908,0.023918,0.000000,0.000000,0.000000,0.000000,0.000000
448nm,0.086754,0.036256,0.054076,0.038967,0.026872,0.000000,0.000000,0.000000,0.000000,0.000000
449nm,0.095996,0.043554,0.061710,0.048063,0.032978,0.000000,0.000000,0.000000,0.000000,0.000000
450nm,0.097055,0.046456,0.062240,0.049943,0.032826,0.000371,0.004577,0.000000,0.000000,0.000000
451nm,0.099034,0.050129,0.064539,0.049343,0.030076,0.000494,0.019426,0.000000,0.000000,0.000000
452nm,0.100785,0.053089,0.064367,0.049634,0.030644,0.000493,0.043486,0.000000,0.000000,0.000000
453nm,0.096911,0.050600,0.059031,0.044685,0.025047,0.001679,0.074474,0.000000,0.000000,0.000000
454nm,0.093747,0.043905,0.052736,0.043118,0.016022,0.014522,0.087140,0.000164,0.000000,0.000000
455nm,0.092673,0.039622,0.051449,0.038216,0.013466,0.024345,0.112175,0.004478,0.000179,0.000000
456nm,0.095130,0.039857,0.054237,0.036485,0.014936,0.026499,0.144974,0.010279,0.000917,0.000000
457nm,0.097023,0.036668,0.055424,0.031217,0.014426,0.022853,0.179134,0.010532,0.001051,0.000000
458nm,0.101818,0.036370,0.060355,0.034688,0.016563,0.030780,0.229825,0.015978,0.004851,0.001612
459nm,0.104187,0.034982,0.062309,0.037209,0.013279,0.049553,0.268495,0.022961,0.006336,0.001599
460nm,0.104718,0.034878,0.064631,0.039856,0.015134,0.073174,0.340186,0.050356,0.016944,0.001587
461nm,0.102262,0.030387,0.061809,0.037619,0.011818,0.096657,0.420525,0.081340,0.025002,0.000395
462nm,0.105021,0.032986,0.067134,0.041016,0.014069,0.136116,0.498997,0.113337,0.037703,0.006733
463nm,0.112563,0.039228,0.077066,0.047261,0.023623,0.199163,0.604339,0.146656,0.060394,0.039587
464nm,0.122574,0.046952,0.083754,0.053768,0.030098,0.257792,0.713411,0.166353,0.077874,0.071129
465nm,0.134529,0.053312,0.088447,0.057084,0.031881,0.314278,0.832712,0.207475,0.126168,0.122601
466nm,0.134870,0.044398,0.076704,0.048360,0.019806,0.357279,0.955374,0.244095,0.159794,0.147879
467nm,0.142951,0.045920,0.077866,0.048609,0.016531,0.415814,1.115027,0.313477,0.202370,0.178159
468nm,0.149955,0.051373,0.080096,0.052675,0.020072,0.477849,1.290928,0.371913,0.245059,0.219720
469nm,0.158270,0.056346,0.085607,0.057588,0.024092,0.559513,1.481853,0.434698,0.293579,0.264465
470nm,0.164818,0.061113,0.089601,0.063639,0.027889,0.653651,1.684904,0.494096,0.361397,0.333897
471nm,0.168705,0.060577,0.094876,0.065273,0.027761,0.759666,1.892122,0.559455,0.404919,0.394365
472nm,0.181381,0.067068,0.105179,0.075107,0.034992,0.884023,2.158743,0.658714,0.462756,0.470473
473nm,0.192023,0.071667,0.112820,0.082725,0.041864,1.007408,2.440244,0.778788,0.511845,0.553501
474nm,0.208147,0.079929,0.122440,0.089032,0.049519,1.153725,2.746969,0.904410,0.584402,0.637867
475nm,0.216975,0.081265,0.126399,0.091702,0.049831,1.313144,3.096487,1.028138,0.671002,0.723588
476nm,0.221576,0.080891,0.129363,0.089390,0.045769,1.495785,3.509488,1.164428,0.763495,0.823359
477nm,0.232547,0.082991,0.136237,0.092905,0.045406,1.698732,3.989356,1.331424,0.878895,0.934304
478nm,0.246108,0.086565,0.145572,0.099657,0.049498,1.924359,4.483187,1.532992,0.995527,1.063448
479nm,0.275773,0.101163,0.161509,0.114769,0.063288,2.179315,5.034262,1.745011,1.139058,1.221917
480nm,0.298056,0.108059,0.173312,0.125129,0.068939,2.440275,5.579417,1.965469,1.274014,1.381741
481nm,0.317583,0.110155,0.180001,0.128838,0.067552,2.764167,6.286037,2.235361,1.441289,1.579490
482nm,0.331667,0.107953,0.183375,0.126536,0.059481,3.103889,7.098770,2.529158,1.614120,1.785987
483nm,0.348675,0.107301,0.192887,0.127550,0.052869,3.502603,8.060269,2.852151,1.824832,2.020850
484nm,0.375325,0.113010,0.205619,0.132218,0.052448,3.950855,9.082628,3.183350,2.046873,2.287213
485nm,0.412459,0.123125,0.228284,0.150294,0.061934,4.463861,10.211511,3.588928,2.331463,2.589868
486nm,0.458072,0.135352,0.248997,0.168106,0.073120,5.035813,11.429954,4.043417,2.634769,2.925392
487nm,0.501662,0.148723,0.271706,0.186472,0.082795,5.603741,12.635946,4.520730,2.946621,3.257046
488nm,0.560936,0.165336,0.299372,0.205174,0.089820,6.335188,14.204988,5.099471,3.358695,3.676892
489nm,0.619465,0.180136,0.328066,0.223597,0.092097,7.147316,15.956248,5.743913,3.802293,4.167362
490nm,0.696461,0.205551,0.369958,0.253511,0.103814,8.054149,17.829134,6.458995,4.319230,4.692291
491nm,0.774902,0.222923,0.409720,0.282094,0.111834,9.028510,19.881987,7.271857,4.872817,5.281497
492nm,0.865901,0.241726,0.456866,0.311368,0.120301,10.142146,22.135107,8.206351,5.492155,5.968975
493nm,0.968055,0.261483,0.509960,0.340961,0.127243,11.401486,24.719469,9.246761,6.173994,6.736434
494nm,1.076164,0.285721,0.567655,0.376291,0.136793,12.633887,27.274433,10.274385,6.814130,7.498410
495nm,1.209071,0.314637,0.637950,0.418442,0.148522,14.201752,30.414871,11.543415,7.636383,8.429699
496nm,1.360893,0.350618,0.717709,0.468289,0.163179,15.938613,33.839741,12.960366,8.582845,9.501916
497nm,1.525276,0.387284,0.799748,0.521992,0.178120,17.869070,37.555588,14.536170,9.681110,10.697611
498nm,1.710613,0.438876,0.901334,0.588309,0.200186,19.947287,41.492271,16.254646,10.889635,12.002760
499nm,1.897187,0.489617,0.999096,0.658295,0.224167,21.912500,45.220123,17.901308,12.072780,13.258107
500nm,2.123701,0.551353,1.122326,0.744218,0.248632,24.280609,49.770393,19.944405,13.519921,14.824454
501nm,2.374727,0.619435,1.259579,0.835483,0.275054,26.891825,54.685764,22.147585,15.118890,16.572319
502nm,2.642236,0.689115,1.406022,0.932441,0.298820,29.785564,60.004826,24.578871,16.906040,18.495050
503nm,2.918399,0.766991,1.569664,1.037946,0.330761,32.843807,65.398201,27.109417,18.766829,20.533934
504nm,3.204158,0.852917,1.744116,1.154028,0.372110,36.080322,70.899826,29.777281,20.776331,22.664396
505nm,3.502351,0.939527,1.921744,1.272144,0.411521,39.540287,76.824516,32.728767,22.993269,25.006720
506nm,3.789915,1.022585,2.091100,1.381184,0.442185,42.864155,82.412994,35.611996,25.149178,27.296522
507nm,4.141105,1.120039,2.290481,1.516791,0.480884,46.748596,88.762909,39.036057,27.712984,30.077206
508nm,4.520266,1.224197,2.505887,1.665549,0.518974,50.748806,95.254440,42.634331,30.419390,33.055946
509nm,4.920979,1.342846,2.742624,1.831676,0.576819,54.791508,101.354683,46.267223,33.135429,36.077534
510nm,5.325607,1.461436,2.987648,2.000973,0.630331,58.949314,107.455597,49.993984,35.990208,39.175980
511nm,5.694856,1.569782,3.214050,2.153405,0.674062,62.731956,112.659035,53.365314,38.625111,41.937160
512nm,6.116095,1.691101,3.469751,2.324656,0.721540,66.794800,117.966782,57.039932,41.539619,45.067856
513nm,6.549739,1.814748,3.731704,2.500057,0.767013,70.657509,122.926399,60.668152,44.478027,48.157330
514nm,7.017826,1.947706,4.003112,2.686780,0.821878,74.509125,127.546173,64.303307,47.428612,51.299427
515nm,7.497443,2.088568,4.288911,2.881593,0.881289,78.192093,131.599228,67.784401,50.288700,54.427631
516nm,7.961963,2.221972,4.563309,3.068789,0.932493,81.457039,134.930542,70.900810,52.915112,57.176971
517nm,8.512925,2.387648,4.891830,3.287836,0.994616,84.619865,137.734024,73.998367,55.656414,60.048588
518nm,9.077308,2.559907,5.238296,3.516705,1.057271,87.181290,139.578018,76.614464,58.094234,62.424461
519nm,9.649278,2.742374,5.594378,3.753388,1.131105,88.974762,140.050323,78.473824,60.018406,64.277931
520nm,10.201554,2.923400,5.947575,3.990759,1.211481,89.956505,139.272705,79.681763,61.354557,65.574738
521nm,10.742056,3.099835,6.292975,4.229441,1.292489,90.279678,137.570770,80.346359,62.270981,66.474915
522nm,11.271978,3.276106,6.630303,4.465089,1.371169,90.126846,135.351486,80.523491,62.892387,67.070419
523nm,11.724736,3.429113,6.920314,4.667643,1.441136,89.603897,132.929688,80.303162,63.128757,67.240250
524nm,12.179294,3.582769,7.214116,4.873828,1.512545,88.412315,129.413971,79.460709,62.939213,66.964828
525nm,12.594967,3.726978,7.484229,5.059821,1.577157,86.857780,125.450096,78.271927,62.433594,66.318466
526nm,12.992086,3.854029,7.731207,5.229358,1.629900,84.968407,121.301529,76.824608,61.637280,65.335159
527nm,13.319251,3.967964,7.943389,5.375530,1.680396,82.665657,116.776329,74.832329,60.523014,63.941288
528nm,13.552788,4.050436,8.097885,5.482418,1.720472,80.219337,112.516563,72.751602,59.195503,62.360771
529nm,13.700341,4.115777,8.212043,5.564174,1.752351,77.047356,107.388161,69.966347,57.287830,60.180378
530nm,13.744029,4.153249,8.261576,5.603642,1.769372,73.562607,101.998123,66.884010,54.992268,57.698284
531nm,13.720304,4.159000,8.258351,5.603319,1.770331,70.462051,97.357033,64.092827,52.820587,55.424530
532nm,13.564308,4.119511,8.165913,5.545571,1.753382,66.748543,91.976852,60.737331,50.193527,52.634624
533nm,13.323323,4.045274,8.010676,5.440849,1.718958,63.094063,86.804962,57.431461,47.571609,49.824047
534nm,12.979074,3.942142,7.792139,5.294263,1.677656,59.438652,81.748207,54.124825,44.983448,47.000168
535nm,12.568941,3.817482,7.534549,5.114143,1.620494,55.934776,76.947144,50.935329,42.411915,44.223618
536nm,12.182830,3.697838,7.286574,4.946672,1.568002,53.041550,72.916420,48.292072,40.235954,41.926979
537nm,11.717114,3.548228,6.985155,4.743477,1.501949,50.006599,68.727081,45.544365,37.882896,39.530602
538nm,11.228555,3.394777,6.675360,4.525002,1.430276,47.190693,64.792717,42.979458,35.707901,37.282578
539nm,10.714508,3.227512,6.356095,4.299003,1.359322,44.557590,61.123226,40.593349,33.687016,35.236649
540nm,10.173311,3.053549,6.028497,4.061820,1.281560,41.987255,57.557495,38.230381,31.743696,33.253483
541nm,9.704809,2.898520,5.739390,3.854677,1.216167,39.862850,54.562046,36.302094,30.121489,31.571594
542nm,9.171044,2.722413,5.407879,3.631163,1.142860,37.483589,51.250214,34.133629,28.356880,29.679712
543nm,8.652669,2.559939,5.085505,3.414600,1.078357,35.194199,48.023132,32.084297,26.706425,27.861002
544nm,8.160114,2.399185,4.778514,3.210911,1.007915,33.111389,45.039150,30.178942,25.177921,26.202402
545nm,7.694477,2.250551,4.492679,3.008612,0.936994,31.151583,42.255886,28.412344,23.702879,24.664389
546nm,7.312958,2.127353,4.257019,2.842608,0.882480,29.539234,39.968483,26.931932,22.467072,23.429188
547nm,6.905406,1.994730,4.003814,2.664738,0.825301,27.787479,37.534389,25.338755,21.148762,22.066450
548nm,6.518878,1.870957,3.765840,2.503649,0.777341,26.085402,35.168060,23.802126,19.884138,20.742226
549nm,6.155745,1.753112,3.548813,2.355963,0.729216,24.479286,32.916611,22.357912,18.691076,19.487221
550nm,5.807495,1.644224,3.346485,2.213806,0.680721,22.930418,30.750536,20.995907,17.524288,18.253067
551nm,5.512679,1.555816,3.176216,2.098604,0.643558,21.605476,28.979948,19.803675,16.532688,17.264786
552nm,5.188792,1.457427,2.986021,1.969009,0.599934,20.186228,27.065937,18.514324,15.454285,16.145346
553nm,4.881711,1.367833,2.807492,1.850142,0.564497,18.827694,25.254183,17.276201,14.416631,15.063325
554nm,4.625800,1.292811,2.658661,1.747076,0.533731,17.702095,23.724989,16.245296,13.550383,14.154911
555nm,4.344580,1.208759,2.491394,1.630338,0.499926,16.473257,22.050304,15.136906,12.623292,13.160597
556nm,4.077099,1.127149,2.324701,1.517983,0.464021,15.294977,20.519463,14.078341,11.751853,12.261045
557nm,3.818966,1.044209,2.164334,1.408862,0.423642,14.227487,19.095217,13.079265,10.959948,11.404980
558nm,3.577997,0.966512,2.017749,1.310040,0.387924,13.252559,17.798643,12.158952,10.216120,10.610963
559nm,3.380338,0.905953,1.901502,1.228942,0.361592,12.485746,16.784796,11.437912,9.606538,9.971231
560nm,3.164013,0.841628,1.777481,1.145276,0.338938,11.667498,15.677349,10.677222,8.954168,9.306677
561nm,2.957854,0.783901,1.657516,1.065206,0.321963,10.894465,14.667696,9.976975,8.342871,8.683558
562nm,2.784592,0.740152,1.558624,1.002180,0.308895,10.239580,13.817345,9.377143,7.835336,8.155837
563nm,2.592716,0.688092,1.449662,0.928740,0.292261,9.519223,12.884702,8.728839,7.295251,7.599929
564nm,2.412011,0.637594,1.344589,0.855645,0.273291,8.852160,12.017907,8.141265,6.789885,7.074077
565nm,2.239357,0.585086,1.239780,0.786645,0.250290,8.253477,11.225706,7.592363,6.341734,6.602415
566nm,2.078143,0.544553,1.144008,0.728046,0.235232,7.719782,10.466216,7.075652,5.923665,6.150244
567nm,1.938628,0.509532,1.062142,0.679646,0.218732,7.282297,9.846129,6.639234,5.579536,5.785739
568nm,1.794571,0.475317,0.979504,0.632373,0.202769,6.804572,9.162672,6.197908,5.210823,5.383499
569nm,1.660609,0.440568,0.903243,0.583715,0.185478,6.329362,8.523970,5.798004,4.868049,5.016125
570nm,1.558955,0.412034,0.843331,0.546053,0.173812,5.955810,8.010272,5.465945,4.582275,4.708594
571nm,1.459447,0.385424,0.784494,0.510085,0.167837,5.546141,7.470965,5.103301,4.286843,4.395471
572nm,1.365863,0.361923,0.735810,0.478241,0.162680,5.180696,6.981529,4.763192,4.006824,4.109457
573nm,1.271860,0.330660,0.681679,0.441446,0.145868,4.840119,6.510958,4.441964,3.742920,3.844115
574nm,1.182579,0.306904,0.635856,0.413114,0.132074,4.513440,6.081800,4.133757,3.490988,3.579599
575nm,1.107156,0.286777,0.596056,0.386733,0.123075,4.241961,5.701056,3.865947,3.266676,3.358963
576nm,1.028243,0.270904,0.558061,0.364958,0.121933,3.953411,5.308897,3.575567,3.022301,3.120946
577nm,0.952444,0.255026,0.522468,0.341777,0.121060,3.668600,4.931296,3.313067,2.803213,2.900657
578nm,0.890551,0.240473,0.490308,0.317926,0.115034,3.434459,4.619665,3.100053,2.627041,2.737494
579nm,0.830793,0.227501,0.456775,0.297408,0.108524,3.183504,4.294927,2.864225,2.446484,2.556087
580nm,0.779639,0.219929,0.430301,0.282857,0.106304,2.942122,3.991184,2.660555,2.267328,2.396311
581nm,0.730300,0.210864,0.403671,0.269803,0.103109,2.734453,3.703686,2.482464,2.084856,2.222641
582nm,0.679645,0.199353,0.376521,0.255348,0.100845,2.532232,3.425788,2.323061,1.935844,2.034250
583nm,0.636923,0.185309,0.352688,0.240568,0.094206,2.371550,3.204423,2.177004,1.818541,1.875771
584nm,0.590384,0.170210,0.325468,0.226833,0.088157,2.190739,2.972548,2.021499,1.701626,1.722220
585nm,0.545729,0.155896,0.303586,0.213517,0.080427,2.024903,2.768250,1.878079,1.587873,1.596040
586nm,0.507902,0.146944,0.282730,0.202036,0.073061,1.884858,2.588935,1.761844,1.479403,1.501034
587nm,0.470690,0.134267,0.260153,0.183510,0.067184,1.749490,2.397489,1.635864,1.371768,1.402286
588nm,0.440465,0.126091,0.241790,0.171764,0.062666,1.627291,2.231789,1.518116,1.268938,1.297758
589nm,0.411524,0.120216,0.227513,0.159828,0.061672,1.521008,2.075413,1.403267,1.184242,1.205266
590nm,0.378490,0.112508,0.212340,0.144337,0.054841,1.413663,1.941931,1.307032,1.108508,1.110726
591nm,0.356421,0.111492,0.206205,0.136492,0.055450,1.335046,1.823958,1.225253,1.049073,1.026935
592nm,0.328982,0.101909,0.190035,0.120977,0.045445,1.240857,1.691583,1.139222,0.981489,0.945947
593nm,0.309416,0.095983,0.180470,0.114606,0.042542,1.147395,1.562584,1.069419,0.908708,0.871218
594nm,0.289279,0.092282,0.170978,0.109121,0.040164,1.066146,1.447892,1.000257,0.845334,0.821405
595nm,0.264064,0.084827,0.157055,0.101823,0.036104,0.968442,1.318512,0.908939,0.769293,0.749924
596nm,0.246429,0.083950,0.148303,0.099729,0.038099,0.884069,1.198752,0.813485,0.691725,0.690200
597nm,0.228763,0.077930,0.133965,0.092239,0.031503,0.822461,1.120862,0.733737,0.634168,0.629941
598nm,0.221583,0.078752,0.127405,0.090254,0.032032,0.760540,1.040194,0.660580,0.586768,0.579562
599nm,0.211531,0.074637,0.123353,0.085359,0.030964,0.702862,0.966049,0.600580,0.544109,0.540422
600nm,0.202505,0.071816,0.120775,0.085237,0.027988,0.637188,0.883572,0.566330,0.512015,0.492745
601nm,0.206940,0.081674,0.133012,0.096459,0.041988,0.609804,0.829454,0.561304,0.476307,0.452493
602nm,0.203056,0.082849,0.131501,0.097635,0.044420,0.566243,0.796399,0.540024,0.446177,0.422523
603nm,0.193491,0.077169,0.124252,0.089629,0.042927,0.534520,0.750419,0.510304,0.412036,0.388374
604nm,0.173797,0.067684,0.111449,0.076607,0.035883,0.489197,0.692741,0.451695,0.383524,0.359936
605nm,0.150948,0.051786,0.092468,0.062679,0.021124,0.438618,0.621543,0.392629,0.354335,0.318471
606nm,0.143763,0.052923,0.092170,0.065813,0.025764,0.406491,0.557570,0.375849,0.322678,0.284323
607nm,0.141394,0.053299,0.091123,0.068131,0.027097,0.372282,0.501730,0.344049,0.285138,0.251899
608nm,0.140783,0.051833,0.089188,0.065205,0.026855,0.351111,0.464465,0.319360,0.259515,0.229620
609nm,0.134919,0.049652,0.083968,0.057958,0.023246,0.320916,0.429977,0.275732,0.229053,0.213496
610nm,0.125426,0.044996,0.073867,0.048108,0.016713,0.285617,0.386496,0.223342,0.209575,0.180797
611nm,0.122953,0.046851,0.072404,0.050447,0.020995,0.264992,0.340638,0.205562,0.203927,0.162597
612nm,0.117820,0.051251,0.074194,0.053845,0.024585,0.238132,0.287201,0.196699,0.197980,0.144062
613nm,0.112420,0.048851,0.075348,0.053755,0.023803,0.215288,0.248288,0.179225,0.178747,0.120614
614nm,0.103617,0.042606,0.071633,0.049273,0.020149,0.193155,0.228164,0.156442,0.142726,0.090804
615nm,0.092746,0.034330,0.062204,0.040890,0.012332,0.166552,0.205232,0.114828,0.102649,0.054648
616nm,0.091086,0.036001,0.058674,0.040745,0.013343,0.155343,0.195616,0.097346,0.083922,0.044332
617nm,0.089553,0.041833,0.057085,0.043123,0.016490,0.139408,0.171312,0.090921,0.065274,0.054877
618nm,0.090673,0.043783,0.054260,0.044228,0.015301,0.115544,0.153734,0.079746,0.063108,0.058014
619nm,0.086053,0.041221,0.051601,0.042418,0.013501,0.100874,0.136063,0.064457,0.058685,0.043296
620nm,0.075088,0.031839,0.040956,0.032014,0.006441,0.080260,0.098747,0.048029,0.059828,0.020519
621nm,0.068280,0.029270,0.036903,0.028350,0.004972,0.075210,0.079341,0.044138,0.065746,0.006246
622nm,0.063086,0.027316,0.034486,0.028110,0.007059,0.071664,0.058858,0.039129,0.057524,0.002245
623nm,0.061044,0.025121,0.035032,0.029310,0.006885,0.066951,0.041791,0.023665,0.044319,0.002875
624nm,0.060097,0.020528,0.036017,0.029809,0.008358,0.059787,0.026658,0.007929,0.028194,0.004583
625nm,0.061091,0.020551,0.038425,0.029223,0.009136,0.051584,0.012502,0.010305,0.013513,0.005558
626nm,0.055449,0.016743,0.033735,0.022910,0.006406,0.035019,0.001038,0.011590,0.005686,0.003350
627nm,0.057946,0.023586,0.035458,0.027624,0.009215,0.029175,0.000583,0.011788,0.002534,0.002960
628nm,0.050447,0.022193,0.028981,0.023391,0.006282,0.014172,0.000113,0.005854,0.000556,0.000775
629nm,0.049865,0.020993,0.026814,0.022407,0.006435,0.011046,0.000000,0.003492,0.000000,0.000241
630nm,0.046115,0.015034,0.025059,0.019756,0.004865,0.002937,0.000000,0.002444,0.000000,0.000061
631nm,0.045440,0.010469,0.025360,0.016687,0.003121,0.000079,0.000000,0.002127,0.000000,0.000000
632nm,0.038621,0.006080,0.023974,0.014878,0.001469,0.000000,0.000000,0.000047,0.000000,0.000000
633nm,0.036219,0.008324,0.026255,0.014270,0.001730,0.000000,0.000000,0.000000,0.000000,0.000000
634nm,0.038649,0.013564,0.029706,0.017258,0.006359,0.000000,0.000000,0.000000,0.000000,0.000000
635nm,0.039903,0.018739,0.031991,0.020011,0.009354,0.000000,0.000000,0.000000,0.000000,0.000000
636nm,0.039208,0.020410,0.031164,0.020807,0.009982,0.000000,0.000000,0.000000,0.000000,0.000000
637nm,0.030594,0.014998,0.021185,0.015712,0.005639,0.000000,0.000000,0.000000,0.000000,0.000000
638nm,0.021478,0.010424,0.014859,0.010625,0.002634,0.000000,0.000000,0.000000,0.000000,0.000000
639nm,0.015582,0.005163,0.006916,0.004497,0.000237,0.000000,0.000000,0.000000,0.000000,0.000000
640nm,0.014252,0.003267,0.004167,0.002686,0.000156,0.000000,0.000000,0.000000,0.000000,0.000000
641nm,0.011706,0.001382,0.003627,0.000384,0.000134,0.000000,0.000000,0.000000,0.000000,0.000000
642nm,0.012284,0.002092,0.006424,0.000193,0.000365,0.000000,0.000000,0.000000,0.000000,0.000000
643nm,0.009058,0.002319,0.007923,0.001224,0.000397,0.000000,0.000000,0.000000,0.000000,0.000000
644nm,0.014012,0.004135,0.010128,0.005013,0.000398,0.000000,0.000000,0.000000,0.000000,0.000000
645nm,0.014554,0.006949,0.008135,0.007301,0.000300,0.000000,0.000000,0.000000,0.000000,0.000000
646nm,0.018430,0.012100,0.009138,0.008827,0.000219,0.000000,0.000000,0.000000,0.000000,0.000000
647nm,0.023393,0.019221,0.011109,0.012158,0.004637,0.000000,0.000000,0.000000,0.000000,0.000000
648nm,0.025054,0.021427,0.012059,0.012635,0.005910,0.000000,0.000000,0.000000,0.000000,0.000000
649nm,0.028483,0.020130,0.013086,0.013582,0.006893,0.000000,0.000000,0.000000,0.000000,0.000000
650nm,0.021173,0.013691,0.009106,0.010583,0.004870,0.000000,0.000000,0.000000,0.000000,0.000000
651nm,0.011648,0.006291,0.004452,0.003851,0.001220,0.000000,0.000000,0.000000,0.000000,0.000000
652nm,0.004373,0.001737,0.001718,0.001361,0.000522,0.000000,0.000000,0.000000,0.000000,0.000000
653nm,0.007095,0.001851,0.005227,0.003510,0.001324,0.000000,0.000000,0.000000,0.000000,0.000000
654nm,0.015587,0.007025,0.011375,0.011950,0.003420,0.000000,0.000000,0.000000,0.000000,0.000000
655nm,0.019784,0.008196,0.014828,0.014223,0.004573,0.000000,0.000000,0.000000,0.000000,0.000000
656nm,0.019257,0.008267,0.014706,0.014193,0.004616,0.000000,0.000000,0.000000,0.000000,0.000000
657nm,0.018362,0.009169,0.012030,0.010202,0.006532,0.000000,0.000000,0.000000,0.000000,0.000000
658nm,0.015092,0.007773,0.009257,0.006549,0.005450,0.000000,0.000000,0.000000,0.000000,0.000000
659nm,0.014255,0.007831,0.007703,0.006477,0.005303,0.000000,0.000000,0.000000,0.000000,0.000000
660nm,0.008290,0.004635,0.004349,0.003935,0.002597,0.000000,0.000000,0.000000,0.000000,0.000000
661nm,0.005306,0.001971,0.001969,0.002269,0.000294,0.000000,0.000000,0.000000,0.000000,0.000000
662nm,0.006886,0.004642,0.004396,0.005455,0.000296,0.000000,0.000000,0.000000,0.000000,0.000000
663nm,0.007554,0.006136,0.005614,0.006489,0.000298,0.000000,0.000000,0.000000,0.000000,0.000000
664nm,0.006017,0.005906,0.005237,0.005903,0.000150,0.000000,0.000000,0.000000,0.000000,0.000000
665nm,0.001762,0.003015,0.003199,0.002827,0.000000,0.000000,0.000000,0.000000,0.000000,0.000000
666nm,0.000519,0.000793,0.000441,0.000246,0.000000,0.000000,0.000000,0.000000,0.000000,0.000000
667nm,0.000614,0.000467,0.000069,0.001839,0.000032,0.000000,0.000000,0.000000,0.000000,0.000000
668nm,0.000882,0.000626,0.000093,0.002331,0.000043,0.000000,0.000000,0.000000,0.000000,0.000000
669nm,0.001590,0.000960,0.000332,0.002434,0.000113,0.000000,0.000000,0.000000,0.000000,0.000000
670nm,0.002974,0.001218,0.000375,0.002058,0.000385,0.000000,0.000000,0.000000,0.000000,0.000000
671nm,0.002365,0.000748,0.000307,0.000488,0.000355,0.000000,0.000000,0.000000,0.000000,0.000000
672nm,0.002046,0.000620,0.000189,0.000492,0.000357,0.000000,0.000000,0.000000,0.000000,0.000000
673nm,0.000577,0.000328,0.000000,0.000131,0.000090,0.000000,0.000000,0.000000,0.000000,0.000000
674nm,0.000431,0.001099,0.000048,0.000410,0.000261,0.000000,0.000000,0.000000,0.000000,0.000000
675nm,0.001457,0.002371,0.000745,0.001325,0.001266,0.000000,0.000000,0.000000,0.000000,0.000000
676nm,0.002401,0.002469,0.001375,0.001446,0.001662,0.000000,0.000000,0.000000,0.000000,0.000000
677nm,0.002164,0.002062,0.001382,0.001453,0.001670,0.000000,0.000000,0.000000,0.000000,0.000000
678nm,0.003437,0.002021,0.001604,0.001263,0.001750,0.000000,0.000000,0.000000,0.000000,0.000000
679nm,0.003376,0.003141,0.001012,0.001812,0.001763,0.000000,0.000000,0.000000,0.000000,0.000000
680nm,0.003584,0.003157,0.001017,0.001857,0.001772,0.000000,0.000000,0.000000,0.000000,0.000000
681nm,0.005272,0.006177,0.002855,0.005490,0.002239,0.000000,0.000000,0.000000,0.000000,0.000000
682nm,0.002919,0.004742,0.002523,0.004707,0.000829,0.000000,0.000000,0.000000,0.000000,0.000000
683nm,0.002999,0.004991,0.002661,0.004794,0.000898,0.000000,0.000000,0.000000,0.000000,0.000000
684nm,0.001926,0.003839,0.001625,0.002749,0.000590,0.000000,0.000000,0.000000,0.000000,0.000000
685nm,0.000439,0.002149,0.000390,0.000412,0.000089,0.000000,0.000000,0.000000,0.000000,0.000000
686nm,0.002958,0.003850,0.001030,0.001594,0.001805,0.000000,0.000000,0.000000,0.000000,0.000000
687nm,0.004195,0.005287,0.001766,0.002627,0.003387,0.000000,0.000000,0.000000,0.000000,0.000000
688nm,0.004214,0.004153,0.001774,0.002488,0.003403,0.000000,0.000000,0.000000,0.000000,0.000000
689nm,0.003719,0.003631,0.001628,0.002259,0.003246,0.000000,0.000000,0.000000,0.000000,0.000000
690nm,0.000224,0.000158,0.000703,0.000957,0.000463,0.000000,0.000000,0.000000,0.000000,0.000000
691nm,0.000226,0.000146,0.000707,0.000969,0.000440,0.000000,0.000000,0.000000,0.000000,0.000000
692nm,0.000227,0.000147,0.000710,0.000974,0.000442,0.000000,0.000000,0.000000,0.000000,0.000000
693nm,0.000093,0.000108,0.000857,0.000399,0.000248,0.000000,0.000000,0.000000,0.000000,0.000000
694nm,0.013380,0.008752,0.009129,0.006100,0.007136,0.000000,0.000000,0.000000,0.000000,0.000000
695nm,0.047673,0.034458,0.036748,0.026889,0.028054,0.000000,0.000000,0.000000,0.000000,0.000000
696nm,0.056532,0.039310,0.046043,0.029386,0.029766,0.000000,0.000000,0.000000,0.000000,0.000000
697nm,0.055402,0.039505,0.045977,0.029516,0.029722,0.000000,0.000000,0.000000,0.000000,0.000000
698nm,0.024431,0.016194,0.023016,0.011003,0.009624,0.000000,0.000000,0.000000,0.000000,0.000000
699nm,0.002419,0.002074,0.003351,0.000389,0.000874,0.000000,0.000000,0.000000,0.000000,0.000000
700nm,0.000397,0.000808,0.000539,0.000660,0.001780,0.000000,0.000000,0.000000,0.000000,0.000000
701nm,0.000400,0.000815,0.000543,0.000665,0.001794,0.000000,0.000000,0.000000,0.000000,0.000000
702nm,0.000234,0.000702,0.000509,0.000628,0.001636,0.000000,0.000000,0.000000,0.000000,0.000000
703nm,0.000000,0.000000,0.000000,0.000000,0.000000,0.000000,0.000000,0.000000,0.000000,0.000000
704nm,0.000000,0.000000,0.000403,0.000000,0.000428,0.000000,0.000000,0.000000,0.000000,0.000000
705nm,0.002792,0.001429,0.001579,0.001581,0.002102,0.000000,0.000000,0.000000,0.000000,0.000000
706nm,0.004838,0.002170,0.002251,0.002354,0.003012,0.000000,0.000000,0.000000,0.000000,0.000000
707nm,0.010025,0.006284,0.003431,0.003465,0.004653,0.000000,0.000000,0.000000,0.000000,0.000000
708nm,0.009512,0.006102,0.002958,0.003077,0.004096,0.000000,0.000000,0.000000,0.000000,0.000000
709nm,0.005856,0.004508,0.001558,0.001113,0.001967,0.000000,0.000000,0.000000,0.000000,0.000000
710nm,0.001991,0.001901,0.000527,0.000450,0.000754,0.000000,0.000000,0.000000,0.000000,0.000000
711nm,0.000000,0.000000,0.000000,0.000000,0.000000,0.000000,0.000000,0.000000,0.000000,0.000000
712nm,0.000000,0.000000,0.000000,0.000000,0.000000,0.000000,0.000000,0.000000,0.000000,0.000000
713nm,0.000000,0.000000,0.000000,0.000000,0.000000,0.000000,0.000000,0.000000,0.000000,0.000000
714nm,0.000000,0.000000,0.000000,0.000000,0.000000,0.000000,0.000000,0.000000,0.000000,0.000000
715nm,0.000000,0.000000,0.000000,0.000000,0.000000,0.000000,0.000000,0.000000,0.000000,0.000000
716nm,0.000000,0.000177,0.000000,0.000000,0.000000,0.000000,0.000000,0.000000,0.000000,0.000000
717nm,0.000000,0.000447,0.000000,0.000000,0.000000,0.000000,0.000000,0.000000,0.000000,0.000000
718nm,0.000000,0.000451,0.000000,0.000000,0.000543,0.000000,0.000000,0.000000,0.000000,0.000000
719nm,0.000000,0.000456,0.000000,0.000000,0.000549,0.000000,0.000000,0.000000,0.000000,0.000000
720nm,0.000000,0.000000,0.000000,0.000000,0.000555,0.000000,0.000000,0.000000,0.000000,0.000000
721nm,0.000000,0.000000,0.000000,0.000000,0.000280,0.000000,0.000000,0.000000,0.000000,0.000000
722nm,0.000000,0.000349,0.000000,0.000258,0.000363,0.000000,0.000000,0.000000,0.000000,0.000000
723nm,0.000000,0.000588,0.000000,0.000326,0.000458,0.000000,0.000000,0.000000,0.000000,0.000000
724nm,0.000000,0.000594,0.000000,0.000329,0.000463,0.000000,0.000000,0.000000,0.000000,0.000000
725nm,0.000000,0.000480,0.001048,0.000447,0.000281,0.000000,0.000000,0.000000,0.000000,0.000000
726nm,0.000000,0.000000,0.001158,0.000323,0.000000,0.000000,0.000000,0.000000,0.000000,0.000000
727nm,0.000000,0.000000,0.001169,0.000326,0.000000,0.000000,0.000000,0.000000,0.000000,0.000000
728nm,0.000000,0.000000,0.000573,0.000207,0.000000,0.000000,0.000000,0.000000,0.000000,0.000000
729nm,0.000000,0.000000,0.000000,0.000000,0.000050,0.000000,0.000000,0.000000,0.000000,0.000000
730nm,0.000000,0.000000,0.000000,0.000000,0.000068,0.000000,0.000000,0.000000,0.000000,0.000000
731nm,0.000000,0.000000,0.000000,0.000000,0.000069,0.000000,0.000000,0.000000,0.000000,0.000000
732nm,0.000000,0.000044,0.000000,0.000000,0.000052,0.000000,0.000000,0.000000,0.000000,0.000000
733nm,0.000000,0.000088,0.000000,0.000000,0.000018,0.000000,0.000000,0.000000,0.000000,0.000000
734nm,0.000000,0.000089,0.000000,0.000000,0.000071,0.000000,0.000000,0.000000,0.000000,0.000000
735nm,0.000000,0.000090,0.000000,0.000000,0.000072,0.000000,0.000000,0.000000,0.000000,0.000000
736nm,0.000000,0.000000,0.000000,0.000000,0.000072,0.000000,0.000000,0.000000,0.000000,0.000000
737nm,0.000000,0.000000,0.000000,0.000000,0.000015,0.000000,0.000000,0.000000,0.000000,0.000000
738nm,0.000000,0.000000,0.000000,0.000000,0.000000,0.000000,0.000000,0.000000,0.000000,0.000000
739nm,0.000000,0.000000,0.000000,0.000000,0.000000,0.000000,0.000000,0.000000,0.000000,0.000000
740nm,0.000000,0.000000,0.000000,0.000000,0.000221,0.000000,0.000000,0.000000,0.000000,0.000000
741nm,0.000000,0.000000,0.000000,0.000000,0.000556,0.000000,0.000000,0.000000,0.000000,0.000000
742nm,0.000000,0.000000,0.000000,0.000000,0.000561,0.000000,0.000000,0.000000,0.000000,0.000000
743nm,0.000000,0.000000,0.000000,0.000000,0.000565,0.000000,0.000000,0.000000,0.000000,0.000000
744nm,0.000000,0.000000,0.000000,0.000000,0.000000,0.000000,0.000000,0.000000,0.000000,0.000000
745nm,0.000000,0.000000,0.000000,0.000000,0.000000,0.000000,0.000000,0.000000,0.000000,0.000000
746nm,0.000000,0.000000,0.000000,0.000000,0.000000,0.000000,0.000000,0.000000,0.000000,0.000000
747nm,0.000000,0.000000,0.000000,0.000000,0.000000,0.000000,0.000000,0.000000,0.000000,0.000000
748nm,0.000000,0.000785,0.000172,0.000050,0.000166,0.000000,0.000000,0.000000,0.000000,0.000000
749nm,0.000000,0.005113,0.000692,0.000203,0.000849,0.000000,0.000000,0.000000,0.000000,0.000000
750nm,0.000000,0.005719,0.000697,0.000205,0.000978,0.000000,0.000000,0.000000,0.000000,0.000000
751nm,0.000000,0.005768,0.000703,0.000207,0.000986,0.000000,0.000000,0.000000,0.000000,0.000000
752nm,0.000000,0.002223,0.000142,0.000042,0.000386,0.000000,0.000000,0.000000,0.000000,0.000000
753nm,0.000000,0.000046,0.000000,0.000000,0.000007,0.000000,0.000000,0.000000,0.000000,0.000000
754nm,0.000187,0.002460,0.000371,0.002756,0.003815,0.000000,0.000000,0.000000,0.000000,0.000000
755nm,0.000252,0.003554,0.000500,0.003533,0.005312,0.000000,0.000000,0.000000,0.000000,0.000000
756nm,0.000254,0.003588,0.000504,0.003567,0.005360,0.000000,0.000000,0.000000,0.000000,0.000000
757nm,0.000193,0.002904,0.000382,0.002568,0.004194,0.000000,0.000000,0.000000,0.000000,0.000000
758nm,0.000000,0.001405,0.000000,0.000037,0.000263,0.000000,0.000000,0.000000,0.000000,0.000000
759nm,0.000000,0.001842,0.000000,0.000063,0.000333,0.000000,0.000000,0.000000,0.000000,0.000000
760nm,0.000000,0.001862,0.000000,0.000063,0.000336,0.000000,0.000000,0.000000,0.000000,0.000000
761nm,0.000000,0.001344,0.000000,0.000051,0.000740,0.000000,0.000000,0.000000,0.000000,0.000000
762nm,0.000000,0.000201,0.000000,0.000000,0.000678,0.000000,0.000000,0.000000,0.000000,0.000000
763nm,0.000000,0.000862,0.000000,0.000000,0.000878,0.000000,0.000000,0.000000,0.000000,0.000000
764nm,0.000000,0.004417,0.000000,0.000000,0.001719,0.000000,0.000000,0.000000,0.000000,0.000000
765nm,0.000000,0.004358,0.000000,0.000000,0.001322,0.000000,0.000000,0.000000,0.000000,0.000000
766nm,0.000000,0.004411,0.000000,0.000000,0.001338,0.000000,0.000000,0.000000,0.000000,0.000000
767nm,0.000000,0.001230,0.000000,0.000000,0.000379,0.000000,0.000000,0.000000,0.000000,0.000000
768nm,0.000000,0.000000,0.000000,0.000000,0.000000,0.000000,0.000000,0.000000,0.000000,0.000000
769nm,0.000000,0.000000,0.000000,0.000000,0.000000,0.000000,0.000000,0.000000,0.000000,0.000000
770nm,0.000000,0.000000,0.000000,0.000000,0.000000,0.000000,0.000000,0.000000,0.000000,0.000000
771nm,0.010221,0.011778,0.012475,0.012475,0.012835,0.000989,0.000000,0.000000,0.000009,0.000000
772nm,0.038262,0.048956,0.051956,0.046256,0.052525,0.003947,0.000000,0.000000,0.000036,0.000000
773nm,0.038198,0.049613,0.052484,0.046263,0.053261,0.003940,0.000000,0.000000,0.000036,0.000000
774nm,0.038212,0.049632,0.052504,0.046281,0.053281,0.003941,0.000000,0.000000,0.000036,0.000000
775nm,0.007172,0.011257,0.011727,0.008695,0.011961,0.000792,0.000000,0.000000,0.000007,0.000000
776nm,0.000000,0.000000,0.000000,0.000000,0.000000,0.000000,0.000000,0.000000,0.000000,0.000000
777nm,0.000000,0.000000,0.000000,0.000000,0.000000,0.000000,0.000000,0.000000,0.000000,0.000000
778nm,0.000000,0.000000,0.000000,0.000000,0.000000,0.000000,0.000000,0.000000,0.000000,0.000000
779nm,0.000000,0.001057,0.000270,0.000000,0.001033,0.000000,0.000000,0.000000,0.000000,0.000000
780nm,0.000000,0.002889,0.001176,0.000066,0.002809,0.000000,0.000000,0.000000,0.000000,0.000000
